German,English
ab,away
abbiegen,turn
die Abbildung,the illustration
das Abenteuer,the adventure
aber,but
abfahren,depart
die Abfahrt,the farewell
der Abfall,the waste
der Abfalleimer,the trash can
Abgase (Pl.),exhaust gases (pl.)
abgeben,hand over
abhängen,depend
abhängig,dependent
abheben,lift up
abholen,pick up
abschreiben,write off
"das Abitur (D)
→ A","the Abitur (D)
→ A"
ablehnen,refuse
abmachen,settle
abnehmen,lose weight
abonnieren,subscribe
das Abonnement,the subscription
absagen,cancel
der Abschluss,the conclusion
der Abschnitt,the section
der Absender,the sender
die Absicht,the intention
absolut,absolutely
abstimmen,vote
die Abteilung,the Department
der Abwart,the watchman
abwärts,down
abwaschen,wash off
abwesend,absent
achten,regard
Achtung!,Danger!
die Adresse,the address
ähnlich,similar
die Ahnung,the hunch
die Aktion,the action
aktiv,active
die Aktivität,the activity
aktuell,current
akzeptieren,accept
der Alarm,the alarm
der Alkohol,the alcohol
all-,all-
allein,alone
aller-,all-
allerdings,however
allgemein,generally
der Alltag,the everyday
alltäglich,everyday
das Alphabet,the alphabet
als,as
als ob,as if
also,so
alt,old
das Alter,the age
das Altenheim,the retirement home
das Altersheim,the retirement home
alternativ,alternatively
die Alternative,the alternative
die Ampel,the traffic light
das Amt,the Office
sich amüsieren,have fun
an,to
analysieren,analyze
anbieten,offer
der Anbieter,the provider
das Angebot,the offer
ander-,at the-
andererseits,on the other hand
ändern,change
die Änderung,the change
anders,different
anerkennen,recognize
anfangen,begin
der Anfang,the beginning
anfangs,initially
angeben,indicate
die Angabe,the information
der Angehörige,the relative
angenehm,pleasant
die Angst,the fear
ängstlich,fearful
anhaben,have on
anklicken,click
ankommen,arrive
die Ankunft,the arrival
ankündigen,announce
die Anlage,the attachment
die Anleitung,the instructions
anmelden,register
die Anmeldung,the registration
annehmen,assume
die Annonce,the advertisement
die Anrede,the salutation
anrufen,call
der Anruf,the call
der Anrufbeantworter,the answering machine
die Ansage,the announcement
anschaffen,acquire
anschließen,connect
der Anschluss,the connection
anschnallen,buckle up
ansehen,view
ansprechen,address
der Anspruch,the claim
anstellen,hire
der Angestellte,the employee
sich anstrengen,make an effort
anstrengend,stressful
der Antrag,the application
anwenden,apply
anwesend,present
antworten,answer
die Antwort,the answer
der Anwalt,the lawyer
anzeigen,show
die Anzeige,the ad
(sich) anziehen,(to get dressed
der Anzug,the suit
das Apartment,the apartment
der Apfel,the Apple
die Apotheke,the pharmacy
der Apparat,the apparatus
der Appetit,the appetite
die Aprikose,the apricot
arbeiten,work
die Arbeit,the work
der Arbeiter,the worker
die Arbeitserlaubnis,the work permit
arbeitslos,unemployed
die Arbeitslosigkeit,the unemployment
der Arbeitsplatz,the workplace
die Arbeitsstelle,the workplace
der Architekt,the architect
(sich) ärgern,(get angry
der Ärger,the anger
ärgerlich,annoying
arm,arm
der Arm,the arm
die Art,the type
der Artikel,the article
der Arzt,the doctor
das Asyl,the asylum
atmen,breathe
der Atem,the breath
auch,also
auf,on
der Aufenthalt,the stay
auffallen,stand out
auffordern,request
die Aufforderung,the request
aufführen,perform
die Aufgabe,the task
aufgeben,give up
aufhalten,stop
aufheben,lift
aufhören,stop
aufladen,charge
auflösen,dissolve
aufmerksam,attentive
aufnehmen,to record
die Aufnahme,the recording
aufpassen,watch out
aufräumen,clean up
aufregen,excite
aufstehen,stand up
der Auftrag,the order
auftreten,appear
der Auftritt,the appearance
aufwachen,wake up
aufwärts,upwards
der Aufzug,the elevator
das Auge,the eye
der Augenblick,the moment
aus,out of
die Ausbildung,the training
ausgebildet,trained
ausdrucken,print
der Ausdruck,the expression
der Ausdruck,the expression
auseinander,apart
die Ausfahrt,the exit
ausfallen,stand out
der Ausflug,the excursion
ausfüllen,fill out
die Ausgabe,the output
der Ausgang,the exit
ausgeben,spend
ausgehen,go out
ausgezeichnet,excellent
die Aushilfe,the temporary help
die Auskunft,the information
das Ausland,the foreign country
der Ausländer,the foreigner
ausländisch,foreign
ausmachen,turn off
die Ausnahme,the exception
ausreichen,sufficient
ausreichend,sufficient
ausrichten,align
(sich) ausruhen,(rest
ausschließen,exclude
ausschließlich,exclusively
aussehen,look
außen,outside
außerhalb,outside
äußerlich,externally
außer,except
außerdem,aside from that
die Aussicht,the view
aussprechen,express
die Aussprache,the pronunciation
ausstellen,exhibit
die Ausstellung,the exhibition
(sich etwas) aussuchen,choose (something).
auswählen,choose
die Auswahl,the selection
der Ausweis,the ID card
ausziehen,get undressed
das Auto,the car
die Autobahn,the highway
der Automat,the machine
automatisch,automatically
der Autor,the author
backen,bake
die Bäckerei,the bakery
baden,bathe
das Bad,the bathroom
die Badewanne,the bathtub
die Bahn,the train
S-Bahn,S-Bahn
die Straßenbahn,the tram
die U-Bahn,the subway
der Bahnhof,the station
der Bahnsteig,the platform
bald,soon
der Balkon,the balcony
der Ball,the ball
das Ballett,the ballet
die Banane,the banana
die Bank,the Bank
die Bank,the Bank
der Bancomat/Bankomat,the ATM/ATM
die Bankleitzahl,the bank sort number
die Bankomat-Karte,the ATM card
die Bar,the bar
bar,bear
das Bargeld,the cash
der Bart,the beard
der Basketball,the basketball
basteln,craft
die Batterie,the battery
der Bauch,the stomach
bauen,build
der Bau,the construction
die Baustelle,the construction site
der Bauer,the farmer
der Baum,the tree
beachten,observe
der Beamte,the official
beantragen,apply for
beantworten,answer
sich bedanken,to thank
der Bedarf,the need
bedeuten,mean
die Bedeutung,the meaning
bedienen,serve
die Bedienungsanleitung,the operating instructions
die Bedingung,the condition
sich beeilen,hurry up
beenden,finish
sich befinden,to find oneself
befreit,freed
befriedigend,satisfactory
begegnen,encounter
begeistert,enthusiastic
beginnen,start
der Beginn,the beginning
begleiten,accompany
begrenzt,limited
begründen,justify
die Begründung,the justification
begrüßen,greet
behalten,keep
behandeln,treat
behaupten,claim
behindern,hinder
die Behörde,the authority
bei,at
beid-,both-
das Bein,the leg
beinahe,almost
das Beispiel,the example
beißen,bite
der Beitrag,the contribution
bekannt,known
der Bekannte,the acquaintance
bekannt geben,announce
bekommen,receive
der Beleg,the receipt
beleidigen,insult
beliebt,popular
bemerken,notice
sich bemühen,make an effort
benötigen,need
benutzen,use
das Benzin,the gasoline
beobachten,observe
bequem,comfortable
beraten,advise
die Beratung,the advice
berechnen,calculate
der Bereich,the area
bereit,ready
bereits,already
der Berg,the mountain
berichten,report
der Bericht,the report
der Beruf,the job
beruflich,professionally
berufstätig,employed
beruhigen,calm
berühmt,famous
beschädigen,damage
beschäftigen,occupy
die Beschäftigung,the employment
der Bescheid,the notice
Bescheid sagen,let me know
Bescheid geben,Let me know
beschließen,decide
beschränken,restrict
beschreiben,describe
die Beschreibung,the description
sich beschweren,complain
besetzen,occupy
besichtigen,view
besitzen,own
besonder-,special-
besonders,particularly
besorgen,obtain
besprechen,discuss
die Besprechung,the meeting
die Besserung,the improvement
bestätigen,confirm
die Bestätigung,the confirmation
bestehen,consist
bestellen,order
bestimmt,certainly
bestrafen,punish
besuchen,visit
der Besuch,the visit
sich beteiligen,participate
der Betrag,the amount
betreuen,look after
der Betreuer,the supervisor
die Betreuung,the care
der Betrieb,the operation
der Betriebsrat,the works council
betrügen,deceive
betrunken,drunk
das Bett,the bed
die Bevölkerung,the population
bevor,before
bewegen,move
die Bewegung,the movement
beweisen,prove
der Beweis,the proof
sich bewerben,apply
die Bewerbung,the application
der Bewohner,the resident
bezahlen,pay
die Beziehung,the relationship
die Bibliothek,the library
das Bier,the beer
bieten,offer
das Bild,the picture
der Bildschirm,the screen
das Billett,the ticket
billig,cheap
die Biologie,the biology
Bio-,organic
bio(logisch),organic(logical)
die Birne,the pear
bis,until
bisher,until now
ein bisschen,a little bit
bitten,ask
die Bitte,the request
bitte,please
bitter,bitter
blass,pale
das Blatt,the leaf
bleiben,remain
der Bleistift,the pencil
der Blick,the view
blind,blind
blitzen,flash
der Blitz,the lightning
blond,blond
bloß,just
blühen,bloom
die Blume,the flower
die Bluse,the blouse
bluten,bleed
das Blut,the blood
der Boden,the floor
der Bogen,the bow
die Bohne,the bean
das Boot,the boat
die Botschaft,the message
böse,evil
braten,fry
der Braten,the roast
brauchen,need
brechen,break
breit,broad
die Breite,the width
bremsen,brake
die Bremse,the brake
brennen,burn
der Brief,the letter
der Briefkasten,the mailbox
die Briefmarke,the stamp
der Briefträger,the postman
der Briefumschlag,the envelope
die Brieftasche,the wallet
die Brille,the glasses
bringen,bring
die Broschüre,the brochure
das Brot,the bread
das Brötchen,the bread bun
das Brötli,the bread roll
die Brücke,the bridge
der Bruder,the brother
die Brust,the chest
der Bub,the boy
das Buch,the book
die Buchhandlung,the bookstore
buchen,book
buchstabieren,spell
der Buchstabe,the letter
die Büchse,the can
das Buffet,the buffet
die Bühne,the stage
bunt,colorful
die Burg,the castle
der Bürger,the citizen
das Büro,the office
die Bürste,the brush
die Zahnbürste,the toothbrush
der Bus,the bus
die Butter,the butter
das Café,the cafe
die Cafeteria,the cafeteria
die Chance,the chance
der Chef,the boss
chic/schick,chic/chic
der Coiffeur,the hairdresser
die Couch,the couch
die Creme,the cream
der Cousin,the cousin
das Couvert,the envelope
da,there
dabei,included
das Dach,the roof
dafür,for that
dagegen,against it
daher,therefore
dahin,there
damals,at that time
die Dame,the lady
damit,with it
danach,thereafter
daneben,next to it
danken,thank
der Dank,the thanks
dankbar,thankful
danke,Thanks
dann,then
darstellen,represent
die Darstellung,the representation
dass,that
die Datei,the file
das Datum,the date
die Daten (Plural),the data (plural)
dauern,last
die Dauer,the duration
dauernd,constantly
die Decke,the ceiling
dekorieren,decorate
denken,think
der Gedanke,the thought
das Denkmal,the monument
denn,because
derselbe,same
deshalb,for this reason
das Dessert,the dessert
deswegen,because of this
das Detail,the detail
deutlich,clearly
die Diät,the diet
der Dialekt,the dialect
der Dialog,the dialogue
dicht,close
dick,thick
der Dieb,the thief
dienen,serve
der Dienst,the service
dies-,this-
diesmal,this time
digital,digital
das Ding,the thing
das Diplom,the diploma
direkt,direct
der Direktor,the director
die Diskothek,the discotheque
diskutieren,discuss
die Diskussion,the discussion
die Distanz,the distance
doch,but
der Doktor,the doctor
das Dokument,the document
donnern,thunder
der Donner,the thunder
doppelt,double
Doppel-,double
das Dorf,the village
dort,there
dorthin,there
die Dose,the tin
draußen,outside
der Dreck,the dirt
drehen,turn
dringend,urgent
drin,inside
die Droge,the drug
die Drogerie,the drugstore
drüben,over
drucken,press
der Drucker,the printer
drücken,press
der Druck,the pressure
dumm,dumb
dunkel,dark
dünn,thin
durch,through
durcheinander,mixed up
die Durchsage,the announcement
der Durchschnitt,the average
durchschnittlich,average
dürfen,may
der Durst,the thirst
durstig,thirsty
(sich) duschen,(take a shower
die Dusche,the shower
duzen,first name
eben,even
ebenfalls,also
ebenso,as well
"die e-card (A)
→ D: die Versichertenkarte","the e-card (A)
→ D: the insurance card"
echt,real
"die ec-Karte/EC-Karte
→ A: Bankomat-Karte","the EC card/EC card
→ A: ATM card"
die Ecke,the corner
das Eck,the corner
eckig,square
egal,doesn't matter
die Ehe,the marriage
die Ehefrau,the wife
das Ehepaar,the couple
eher,rather
ehrlich,honest
das Ei,the egg
eigen-,own
eigentlich,actually
sich eignen,are suitable
eilen,rush
die Eile,the rush
eilig,hurry
ein-,a-
die Einbahnstraße,the one-way street
einbrechen,break in
der Einbrecher,the burglar
der Einbruch,the break-in
eindeutig,clearly
der Eindruck,the impression
einerseits,on the one hand
einfach,simply
die Einfahrt,the entrance
einfallen,come up
der Einfall,the idea
der Einfluss,the influence
beeinflussen,influence
einfügen,insert
einführen,introduce
die Einführung,the introduction
der Eingang,the entrance
einheitlich,uniform
einig-,agree-
sich einigen,agree
einkaufen,shopping
der Einkauf,the purchase
das Einkommen,the income
einladen,invite
die Einladung,the invitation
einmal,once
einnehmen,take
die Einnahme,the intake
einpacken,pack up
einrichten,furnish
die Einrichtung,the facility
einsam,lonely
einschalten,turn on
einschließlich,including
das Einschreiben,the registered letter
einsetzen,insert
einsteigen,get in
einstellen,set
eintragen,register
eintreten,enter
der Eintritt,the entry
einverstanden,agreed
der Einwohner,the residents
einzahlen,deposit
die Einzahlung,the deposit
einzeln,individually
Einzel-,single
die Einzelheit,the detail
einzig-,only-
einziehen,move in
das Eis,the ice cream
das Eis (D,the ice (D
die Eisenbahn,the railway
elegant,elegant
elektrisch,electric
Elektro-,electrical
elektronisch,electronically
die Eltern (Pl.),the parents (pl.)
empfangen,received
der Empfang,the reception
der Empfänger,the recipient
empfehlen,recommend
die Empfehlung,the recommendation
enden,end
das Ende,the end
endgültig,finally
endlich,finally
die Energie,the energy
eng,closely
der Enkel,the grandson
entdecken,discover
entfernen,remove
die Entfernung,the distance
entgegenkommen,accommodate
enthalten,contain
entlang,along
entlassen,dismissed
die Entlassung,the dismissal
entscheiden,decide
die Entscheidung,the decision
unentschieden,draw
sich entschließen,decide
entschlossen,determined
entschuldigen,excuse
die Entschuldigung,the apology
entsorgen,dispose
entspannend,relaxing
entstehen,arise
enttäuschen,disappoint
die Enttäuschung,the disappointment
entweder ... oder,either ... or
entwickeln,develop
die Entwicklung,the development
die Erde,the earth
der Erdapfel,the potato
das Erdgeschoss/ Ergeschoß,the ground floor/first floor
das Ereignis,the event
sich ereignen,occur
erfahren,experience
die Erfahrung,the experience
erfinden,invent
die Erfindung,the invention
der Erfolg,the success
erfolgreich,successful
erforderlich,necessary
erfordern,require
erfüllen,fulfill
ergänzen,add to
das Ergebnis,the result
erhalten,receive
erhöhen,increase
die Erhöhung,the increase
sich erholen,to recover
die Erholung,the recovery
erinnern,remember
die Erinnerung,the memory
sich erkälten,catch a cold
erkältet,caught a cold
die Erkältung,the cold
erkennen,recognize
erklären,explain
die Erklärung,the explanation
sich erkundigen,inquire
erlauben,allow
die Erlaubnis,the permission
erleben,experience
das Erlebnis,the experience
erledigen,complete
erleichtern,facilitate
die Ermäßigung,the discount
ernähren,feed
die Ernährung,the diet
ernst,serious
ernsthaft,seriously
die Ernte,the harvest
eröffnen,open
die Eröffnung,the opening
erreichen,to reach
erschöpft,exhausted
erschrecken,scare
ersetzen,substitute
der Ersatz,the replacement
erst,first
erst-,first-
erstellen,create
erwachsen,adult
der Erwachsene,the adult
erwarten,expect
erzählen,tell
die Erzählung,the narrative
erziehen,educate
die Erziehung,the education
es,it
essen,eat
das Essen,the food
der Essig,the vinegar
die Etage,the floor
etwa,approximately
etwas,something
eventuell,possibly
ewig,forever
der Experte,the expert
der Export,the export
extra,extra
extrem,extreme
die Fabrik,the factory
das Fach,the subject
"der Fachmann
die Fachfrau","the expert
the specialist"
die Fachleute (Pl.),the experts (pl.)
die Fähigkeit,the ability
fahren,drive
die Fähre,the ferry
die Fahrbahn,the roadway
der Fahrer,the driver
die Fahrkarte,the ticket
der Fahrplan,the timetable
das Fahrrad,the bike
das Fahrzeug,the vehicle
fair,fair
der Faktor,the factor
der Fall,the case
fallen,fall
fällig,due
falls,if
falsch,incorrect
die Familie,the family
der Familienstand (D,marital status (D
fangen,catch
die Fantasie/Phantasie,the fantasy/fantasy
fantastisch,fantastic
die Farbe,the color
farbig,colored
"das Faschierte (A)
→ D","the minced meat (A)
→ D"
der Fasching,the carnival
"die Fasnacht (CH)
→ D","carnival (CH)
→ D"
fassen,grasp
fast,almost
faul,lazy
faulenzen,laze around
der Fauteuil,the armchair
fehlen,miss
der Fehler,the error
feiern,celebrate
die Feier,the party
der Feierabend,the end of the day
der Feiertag,the holiday
das Feld,the field
das Fenster,the window
"die Ferien (Pl.) (CH)
→ D","the holidays (pl.) (CH)
→ D"
Ferien-,Holidays-
die Fernbedienung,the remote control
fernsehen,TV
das Fernsehen,the television
der Fernseher,the TV
fertig,complete
fest,firmly
das Fest,the party
die Festplatte,the hard drive
festhalten,hold onto
festlegen,establish
festnehmen nimmt fest,arrest arrests
festsetzen,fix
feststehen,stand firm
feststellen,notice
fett,fat
das Fett,the fat
feucht,moist
das Feuer,the fire
das Feuerzeug,the lighter
die Feuerwehr,the fire department
das Fieber,the fever
die Figur,the figure
der Film,the film
finanzieren,finance
finanziell,financially
finden,find
der Finger,the finger
die Firma,the Company
flach,flat
die Fläche,the area
die Flasche,the bottle
der Fleck,the stain
das Fleisch,the meat
der Fleischhauer,the butcher
fleißig,diligent
flexibel,flexible
fliegen,fly
fliehen,flee
die Flucht,the escape
fließen,flow
fließend,fluent
der Flohmarkt,the flea market
der Flug,the flight
der Flughafen,the airport
das Flugzeug,The plane
der Flur,the corridor
der Fluss,the river
die Flüssigkeit,the liquid
folgen,consequences
die Folge,the consequence
folgend,following
fordern,demand
die Forderung,the requirement
fördern,support financially
die Förderung,the funding
die Form,the shape
das Formular,the form
die Forschung,the research
die Fortbildung,the training
der Fortschritt,the progress
fortsetzen,continue
die Fortsetzung,the sequel
das Forum,the forum
fotografieren,photograph
das Foto,the photo
der Fotoapparat,the camera
der Fotograf,the photographer
die Fotografie,the photography
fragen,questions
die Frage,the question
die Frau,the woman
frech,cheeky
frei,free
im Freien,outdoors
die Freiheit,the freedom
die Freizeit,the free time
freiwillig,voluntarily
fremd,foreign
fressen,eat
sich freuen,rejoice
die Freude,the joy
der Freund,the friend
freundlich,friendly
die Freundschaft,the friendship
der Friede,the peace
frieren,freeze
frisch,fresh
der Friseur,the hairdresser
die Frisur,the hairstyle
die Frist,the deadline
froh,glad
fröhlich,cheerful
die Frucht,the fruit
"Früchte (CH)
→ D","Fruits (CH)
→ D"
früh,early
früher/früher-,earlier/earlier-
frühstücken,have breakfast
das Frühstück,the breakfast
fühlen,feel
führen,lead
der Führerausweis,the driver's license
der Führerschein,the driver's license
die Führung,the leadership
das Fundbüro,the lost and found office
funktionieren,function
für,for
furchtbar,terrible
(sich) fürchten,(to be afraid
der Fuß,the foot
der Fußball,the football
der Fußgänger,the pedestrian
die Fußgängerzone,the pedestrian zone
füttern,feed
die Gabel,the fork
die Galerie,the gallery
der Gang,the aisle
ganz,quite
gar,even
die Garage,the garage
garantieren,guarantee
die Garantie,the guarantee
die Garderobe,the wardrobe
der Garten,the garden
das Gas,the gas
der Gast,the guest
das Gasthaus,the inn
die Gaststätte,the restaurant
geben,give
das Gebäck,the pastries
das Gebiet,the area
das Gebirge,the mountains
geboren werden,to be born
gebrauchen,use
die Gebrauchsanweisung,the instructions for use
die Gebühr,the fee
die Geburt,the birth
der Geburtstag,the birthday
das Gedicht,the poem
die Geduld,the patience
geehrt,honored
geeignet,suitable
die Gefahr,the danger
gefährlich,dangerous
gefallen,fallen
sich etwas gefallen lassen,to put up with something
das Gefängnis,the prison
das Gefühl,the feeling
gegen,against
der Gegner,the opponent
die Gegend,the area
der Gegensatz,the opposite
der Gegenstand,the object
das Gegenteil,the contrary
gegenüber,opposite
das Gehalt,the salary
das Geheimnis,the secret
geheim,secret
gehen,go
gehören,belong
der Gehsteig (D,the sidewalk (D
das Geld,the money
der Geldautomat,the ATM
die Geldbörse,the wallet
die Gelegenheit,the opportunity
gelingen,succeed
gelten,apply
gemeinsam,together
die Gemeinschaft,the community
das Gemüse,the vegetable
gemütlich,cozy
genau,Exactly
genauso,just as
genehmigen,to permit
die Generation,the generation
genießen,enjoy
genug,enough
genügen,suffice
das Gepäck,the luggage
gerade,straight
geradeaus,straight ahead
das Gerät,the device
gerecht,just
das Gericht,the court
gering,small amount
gern/gerne,gladly/gladly
gesamt-/Gesamt-,total/total
das Geschäft,the business
geschehen,happen
das Geschenk,the gift
die Geschichte,the story
geschieden,divorced
das Geschirr,the dishes
das Geschlecht,the gender
der Geschmack,the taste
die Geschwindigkeit,the speed
die Geschwindigkeitsbeschränkung,the speed limit
die Geschwister (Pl.),the siblings (pl.)
die Gesellschaft,the society
das Gesetz,the law
das Gesicht,the face
gespannt,tense
das Gespräch,the conversation
gestern,yesterday
gesund,healthy
die Gesundheit,the health
das Getränk,the drink
die Gewalt,the violence
die Gewerkschaft,the union
das Gewicht,the weight
gewinnen,win
der Gewinn,the profit
das Gewissen,the conscience
das Gewitter,the thunderstorm
gewöhnen,get used to
die Gewohnheit,the habit
gewohnt,used
gewöhnlich,usually
das Gewürz,the spice
gießen,pour
das Gift,the poison
giftig,poisonous
die Gitarre,the guitar
die/das Glace/Glacé,the ice cream/ice cream
das Glas,the glass
glatt,smooth
glauben,believe
gleich,even
gleichfalls,same to you
gleichberechtigt,equal
gleichzeitig,at the same time
das Gleis,the track
das Glück,the happiness
glücklich,happy
der Glückwunsch,the congratulations
das Gold,the gold
Golf,golf
der Gott,the god
die Grafik,the graphic
das Gras,the grass
gratulieren,congratulate
die Gratulation,the congratulations
gratis,free
greifen,grab
die Grenze,the border
grillen,grill
grillieren,grill
der Grill,the grill
die Grippe,the flu
groß,large
Groß-,Large-
die Größe,the size
gründen,found
der Grund,the reason
gründlich,thorough
das Grundstück,the property
die Gruppe,the group
grüßen,greet
der Gruß,the greeting
gucken,look
gültig,valid
günstig,cheap
gut,good
die Gymnastik,the gymnastics
das Haar,the hair
haben,have
das Hackfleisch (D,the minced meat (D
der Hafen,the port
hageln,hail
das Hähnchen/Hühnchen,the chicken/chicken
halb,half
die Halbpension,the half board
halbtags,half day
die Hälfte,the half
die Halle,the hall
das Hallenbad,the indoor swimming pool
hallo,Hello
der Hals,the neck
halt,stop
haltbar,durable
halten,hold
der Halt,the stop
die Haltestelle,the bus stop
der Hammer,the hammer
die Hand,the hand
der Handwerker,the craftsman
handeln,act
der Handel,the trade
der Händler,the dealer
das Handy,the phone
hängen,hang
hart,hard
hassen,hate
hässlich,ugly
häufig,frequently
die Hauptstadt,the capital
der Hauptbahnhof,the main station
das Haus,the house
die Hausaufgabe,the homework
"die Hausfrau
der Hausmann","the housewife
the househusband"
der Haushalt,the household
der Hausmeister,the caretaker
die Haut,the skin
heben,lift
das Heft,the booklet
heim,home
das Heim,the home
die Heimat,the homeland
heimlich,secretly
das Heimweh,the homesickness
heiraten,marry
heiß,hot
heißen,be called
heizen,heat
die Heizung,the heating system
der Held,the hero
helfen,help
die Hilfe,the help
hell,bright
das Hemd,the shirt
das Hend(e)l,the chicken
her/her-,her/her-
heraus-,out of here-
die Herausforderung,the challenge
der Herd,the stove
herein-,in-
die Herkunft,the origin
der Herr,the Lord
herstellen,produce
der Hersteller,the manufacturer
herunter-,down-
(herunter-)fahren,(shut down).
das Herz,the heart
herzlich,heartfelt
heute,today
heutig-,today-
hier/hier-,here/here-
hierher,here
der Himmel,the sky
(hinunter) runterwerfen,to throw down (down).
hinten,rear
hinter/hinter-,behind/behind-
hinterlassen,leave behind
hinterher,afterwards
hinweisen,point out
der Hinweise,of the clues
historisch,historical
die Hitze,the heat
das Hobby,the hobby
hoch,high
die Höhe,the height
hochladen,upload
höchstens,at most
die Hochzeit,the wedding
der Hof,the yard
der Bauernhof,the farm
hoffen,hope
hoffentlich,hopefully
die Hoffnung,the hope
höflich,polite
holen,fetch
das Holz,the wood
der Honig,the honey
hören,hear
der Hörer,the listener
die Hose,the pants
das Hotel,the hotel
hübsch,pretty
der Hügel,the hill
der Humor,the humor
der Hunger,the hunger
hungrig,hungry
hupen,honk
husten,cough
der Husten,the cough
der Hut,the hat
die Hütte,the hut
ideal,ideal
die Idee,the idea
illegal,illegal
der Imbiss,the snack
immer,always
der Import,the import
in,in
indem,by
individuell,individually
die Industrie,the industry
die Infektion,the infection
informieren,inform
die Information,the information
der Ingenieur,the engineer
der Inhalt,the content
inklusive,including
innen,inside
inner-,within
innerhalb,within
die Insel,the island
das Inserat,the advertisement
insgesamt,in total
installieren,install
das Institut,the institute
das Instrument,the instrument
integrieren,integrate
die Integration,the integration
intelligent,intelligent
die Intelligenz,the intelligence
intensiv,intensive
der Intensivkurs,the intensive course
interessieren,interested
interessant,interesting
das Interesse,the interest
interessiert,interested
interkulturell,intercultural
international,international
das Interview,the interview
inzwischen,in the meantime
irgendirgendein,any
irgendwann,sometime
sich irren,be wrong
ja,Yes
die Jacke,the jacket
die Jause,the snack
je,ever
je … desto …,the ... the …
die Jeans (Pl.),the jeans (pl.)
jeder,everyone
jederzeit,at any time
jedes Mal,every time
jedoch,however
jemals,ever
jemand,someone
jetzt,now
jeweils,respectively
der Journalist,the journalist
die Jugend,the youth
der Jugendliche,the young person
die Jugendherberge,the hostel
jung,young
der Junge,the young
das Kabel,the cable
die Kabine,the cabin
der Kaffee,the coffee
das Kaffeehaus,the coffee house
der Kakao,the cocoa
der Kalender,the calendar
kalt,cold
die Kälte,the cold
die Kamera,the camera
kämpfen,battle
der Kampf,the fight
der Kanal,the channel
der Kandidat,the candidate
die Kanne,the pot
die Kantine,the canteen
das Kapitel,the chapter
kaputt,broken
kaputtgehen,break down
kaputtmachen,break something
der Karneval,the carnival
die Karotte,the carrot
die Karriere,the career
die Karte,the map
die Chipkarte,the chip card
die Fahrkarte,the ticket
die Kartoffel,the potato
der Käse,the cheese
die Kasse,the cash register
die Kassette,the cassette
der Kasten,the box
der Kasten,the box
der Katalog,the catalogue
die Katastrophe,the catastrophe
(sich etwas) kaufen,buy (something).
der Kauf,the purchase
der Käufer,the buyer
kaum,barely
kein-,no-
der Keller,the cellar
der Kellner,the waiter
kennen,know
kennenlernen,get to know
die Kenntnisse (Pl.),the knowledge (pl.)
das Kennzeichen,the license plate
die Kerze,the candle
die Kette,the chain
das Kind,the child
der Kindergarten,the kindergarten
die Kindheit,childhood
das Kino,the cinema
der Kiosk,the kiosk
die Kirche,the church
die Kiste,the box
das Kissen,the pillow
klagen,complain
klappen,succeed
klar,clear
klären,clear up
klasse,class
die Klasse,the class
die Klassenarbeit,the class work
das Klavier,the piano
kleben,stick
das Kleid,the dress
die Kleidung,the clothing
klein,small
klettern,climb
klicken,click
der Klick,the click
das Klima,the climate
die Klimaanlage,the air conditioning
klingeln,ring
die Klingel,the bell
klingen,sound
die Klinik,the clinic
klopfen,knock
der Kloß,the dumpling
klug,smart
knapp,meager
die Kneipe,the pub
das Knie,the knee
der Knochen,the bone
der Knödel,the dumpling
der Knopf,the button
kochen,cook
der Koch,the cook
der Koffer,the suitcase
der Kollege,the colleague
komisch,funny
kommen,come
die Kommunikation,the communication
komplett,completely
kompliziert,complicated
der Kompromiss,the compromise
die Konferenz,the conference
die Konfitüre,the jam
der Konflikt,the conflict
der König,the king
die Konkurrenz,the competition
können,can
das Konsulat,the consulate
konsumieren,consume
der Konsum,the consumption
der Kontakt,the contact
das Konto,the account
das Girokonto,the checking account
kontrollieren,control
die Kontrolle,the control
sich konzentrieren,to concentrate
das Konzert,the concert
der Kopf,the head
kopieren,copy
die Kopie,the copy
der Kopierer,the copier
der Körper,the body
körperlich,physically
korrekt,correctly
der Korridor,the corridor
korrigieren,correct
kosten,cost
die Kosten (Pl.),the costs (pl.)
kostenlos,for free
kosten,cost
das Kostüm,the costume
die Kraft,the power
kräftig,strong
das Kraftfahrzeug,the motor vehicle
das Kraftwerk,the power plant
krank,sick
der Kranke,the sick person
das Krankenhaus,the hospital
die Krankenkasse,the health insurance company
der Krankenpfleger,the nurse
die Krankenschwester,the nurse
der Krankenwagen,the ambulance
die Krankheit,the disease
kreativ,creative
der Kredit,the credit
die Kreditkarte,the credit card
der Kreis,the circle
das Kreuz,the cross
die Kreuzung,the crossing
der Krieg,the war
kriegen,get
"Kriminal-
die Kriminalpolizei","criminal
the criminal police"
der Krimi,the crime thriller
die Krise,the crisis
kritisieren,criticize
die Kritik,the criticism
kritisch,critical
die Küche,the kitchen
der Kuchen,the cake
der Kugelschreiber,the ballpoint pen
der Kuli,ballpen
kühl,cool
der Kühlschrank,the refrigerator
die Kultur,the culture
kulturell,cultural
sich kümmern,take care
der Kunde,the customer
kündigen,quit
die Kündigung,the termination
die Kunst,art
der Künstler,the artist
künstlich,artificially
der Kunststoff,the plastic
der Kurs,the course
der Kursleiter,the course leader
die Kurve,the curve
kurz,short
kürzlich,recently
küssen,kiss
der Kuss,the kiss
die Küste,the coast
das Kuvert,the envelope
lächeln,smile
lachen,laugh
der Laden,the store
die Lage,the location
das Lager,the warehouse
die Lampe,the lamp
das Land,the country
die Landwirtschaft,agriculture
die Landschaft,the landscape
landen,land
die Landung,the landing
lang,long
die Länge,the length
lange,long
langsam,slow
längst,long ago
langweilig,boring
sich langweilen,be bored
die Langeweile,the boredom
der Lärm,the noise
lassen,let
der Laster,the vice
laufen,run
das Laufwerk,the drive
die Laune,the mood
laut,loud
der Lautsprecher,the speaker
lecker,yummy
leben,life
das Leben,the life
der Lebenslauf,the CV
die Lebensmittel (Pl.),the food (pl.)
das Leder,the leather
ledig,single
leer,empty
legen,place
die Lehre,the teaching
die Lehrstelle,the apprenticeship
der Lehrer,the teacher
der Lehrling,the apprentice
leicht,light
leid tun,to hurt
leiden,suffer
leider,unfortunately
leihen,lend
leise,quiet
leisten,afford
die Leistung,the performance
leiten,lead
der Leiter,the leader
die Leitung,the line
die Leiter,the ladder
lernen,learn
der Lerner,the learner
lesen,read
der Leser,the reader
letzt-,last-
die Leute (Pl.),the people (pl.)
das Lexikon,the lexicon
das Licht,the light
lieben,love
lieb,dear
die Liebe,love
Lieblings-,Favorite-
das Lied,the song
liefern,delivery
die Lieferung,the delivery
liegen,lay
der Lift,the elevator
die Limonade,the lemonade
die Linie,the line
links,left
link-,link-
die Lippe,the lip
die Liste,the list
die Literatur,the literature
loben,praise
das Loch,the hole
locker,loose
der Löffel,the spoon
der Lohn,the wages
sich lohnen,be worthwhile
das Lokal,the local
los/los-,go Go-
losfahren,drive off
löschen,delete
lösen,solve
die Lösung,the solution
die Luft,the air
lügen,lie
die Lüge,the lie
die Lust,the lust
lustig,funny
machen,make
das Mädchen,the girl
das Magazin,the magazine
der Magen,the stomach
mager,lean
die Mahlzeit,the meal
die Mahnung,the reminder
mal,just
das Mal,the time
malen,paint
der Maler,the painter
man,man
manch-,some-
manchmal,sometimes
der Mangel,the lack
der Mann,the man
männlich,masculine
die Mannschaft,the team
der Mantel,the coat
die Mappe,the folder
das Märchen,the fairy tale
die Margarine,the margarine
die Marille,the apricot
die Marke,the brand
markieren,mark
der Markt,the market
die Marmelade,the jam
die Maschine,the machine
das Material,the material
die Matura (A,the Matura (A
die Mauer,the wall
maximal,maximum
der Mechaniker,the mechanic
die Medien (Pl.),the media (pl.)
das Medikament,the medication
die Medizin,the medicine
das Meer,the sea
das Mehl,the flour
mehr (siehe auch viel),more (see also a lot)
mehrere,several
die Mehrheit,the majority
die Mehrwertsteuer,the VAT
meinen,mean
meinetwegen,for my sake
die Meinung,the opinion
meist-,mostly-
meist(ens),mostly)
der Meister,the master
melden,report
die Meldung,the message
die Menge,the amount
die Mensa,the cafeteria
der Mensch,the human being
menschlich,human
das Menü,the menu
merken,remember
merkwürdig,unusual
die Messe,the fair
messen,measure
das Messer,the knife
das Metall,the metal
die Methode,the method
die Metropole,the metropolis
der Metzger,the butcher
mieten,rent
die Miete,the rent
der Mieter,the tenant
der Migrant,the migrant
die Migration,the migration
die Milch,the milk
mild,mild
die Minderheit,the minority
mindestens,at least
das Mineralwasser,the mineral water
minimal,minimal
mischen,mix
miss-,mis-
mit,with
der Mitarbeiter,the employee
miteinander,each other
das Mitglied,the member
die Mitte,the middle
mitteilen,communicate
das Mittel,the means
mitten,middle
mittler-,medium
mittlerweile,in the meantime
das Möbel,the furniture
möbliert,furnished
möchten,want
mobil/mobil-,mobile/mobile
die Mobilbox,the mobile box
die Mobilität,the mobility
das Mobiltelefon,the cell phone
die Mode,the fashion
das Modell,the model
modern,modern
mögen,like
möglich,possible
die Möglichkeit,the possibility
möglichst,possible
die Möhre,the carrot
der Moment,the moment
der Mond,the moon
der Monitor,the monitor
der Motor,the engine
das Motorrad,the motorcycle
müde,tired
die Mühe,the effort
der Müll,the garbage
die Müllabfuhr,the garbage disposal
die Mülltonne,the garbage can
der Mund,the mouth
mündlich,oral
die Münze,the coin
das Museum,the museum
die Musik,the music
musikalisch,musical
der Musiker,the musician
der Muskel,the muscle
das Müesli/Müsli,the muesli/muesli
müssen,must
der Mut,the courage
mutig,brave
die Mutter,the mother
nach,after
der Nachbar,the neighbor
nachdem,after
nachdenken,ponder
die Nachfrage,the demand
nachher,afterward
die Nachhilfe,the tutoring
die Nachricht,the message
nachschlagen,look up
die Nachspeise,the dessert
nächst-,next-
der Nachteil,the disadvantage
der Nachwuchs,the offspring
die Nadel,the needle
der Nagel,the nail
nah(e),vicinity)
die Nähe,the nearness
nähen,sew
sich nähern,approach
das Nahrungsmittel,the food
der Name,the name
der Familienname,the family name
der Vorname,the first name
nämlich,namely
die Nase,the nose
nass,wet
national/national-,national/national-
die Natur,the nature
natürlich,naturally
der Nebel,the fog
neblig,foggy
neben,next to
nebenan,next door
nebenbei,alongside
der Neffe,the nephew
negativ,negative
nehmen,take
nein,no
nennen,to name
der Nerv,the nerve
nervös,nervous
nett,nice
das Netz,the network
das Netzwerk,the network
neu,new
die Neuigkeit,the news
neugierig,curious
neulich,recently
nicht,not
die Nichte,the niece
der Nichtraucher,the non-smoker
nichts,nothing
nie,never
niedrig,low
niemand,no one
nirgends,nowhere
nirgendwo,nowhere
noch,still
noch mal,again
nochmals,again
normal,normal
normalerweise,normally
die Notaufnahme,the emergency room
der Notausgang,the emergency exit
der Notfall,the emergency
der Notruf,the emergency call
die Note,the note
notieren,note down
nötig,necessary
die Notiz,the note
notwendig,necessary
die Nudel,the noodle
die Nummer,the number
nun,so
nur,only
nutzen,to use
nützen,benefit
nützlich,useful
ob,whether
oben,above
ober-,upper
der Ober,the waiter
"das/der (Schlag-)Obers (A)
→ D: (Schlag-)Sahne; CH: (Schlag-)Rahm","the (whipped) cream (A)
→ D: (whipped) cream; CH: (whipped) cream"
das Obst (D,the fruit (D
obwohl,although
oder,or
der (Back-)Ofen,the (baking) oven
offen,open
öffentlich,public
die Öffentlichkeit,the public
veröffentlichen,publish
offenbar,apparently
offiziell,officially
öffnen,open
oft/öfter,often/more often
ohne,without
das Ohr,the ear
Öko- (ökologisch),eco- (ecological)
das Öl,the oil
die Oma,the grandma
der Onkel,the uncle
der Opa,the grandpa
die Oper,the opera
operieren,operate
die Operation,the operation
das Opfer,the victim
optimistisch,optimistic
die Orange,the orange
das Orchester,the orchestra
ordentlich,orderly
die Ordination,the ordination
die Ordination,the ordination
ordnen,arrange
der Ordner,the folder
die Ordnung,the order
organisieren,organize
die Organisation,the organization
das Original,the original
original,original
der Ort,the place
der Vorort,the suburb
der Wohnort,the place of residence
der Ozean,the ocean
(ein) paar,(a couple
das Paar,the couple
packen,pack
das Paket,the package
die Panne,the breakdown
das Papier,the paper
der Paradeiser,the tomato
parallel,parallel
das Parfüm,the perfume
der Park,the park
parken,park
parkieren,park
der Partner,the partner
die Party,the party
der Pass,the passport
der Passagier,the passenger
passen,fit
passieren,happen
passiv,passive
der Patient,the patient
pauschal,lump sum
die Pause,the break
das Pech,the bad luck
peinlich,awkward
die Pension,the guesthouse
die Pension,the guesthouse
in Pension gehen/sein (D,to retire/be retired (D
pensioniert werden/sein (D,to be/be retired (D
der Pensionist,the pensioner
per,by
perfekt,perfect
der Perron,the platform
die Person,the person
persönlich,personal
die Personalien (Pl.),the personal details (pl.)
"der Personenstand
→ D","the civil status
→ D"
das Personal,the staff
die Pfanne,the pan
der Pfeffer,the pepper
pflanzen,plant
die Pflanze,the plant
das Pflaster,the pavement
die Pflaume,the plum
pflegen,maintain
der Pfleger,the nurse
die Pflicht,the duty
die Phantasie/Fantasie,the imagination/fantasy
das Picknick,the picnic
der Pilz,the mushroom
die Pizza,the pizza
das Plakat,the poster
planen,plan
der Plan,the plan
die Planung,the planning
das Plastik,the plastic
der Platz,the space
plötzlich,suddenly
die Politik,the politics
der Politiker,the politician
politisch,politically
die Polizei,the police
der Polizist,the policeman
die Pommes frites (Pl.),the French fries (pl.)
populär,popular
das Portemonnaie/Portmonee,the wallet/purse
die Portion,the portion
positiv,positive
die Post,the post
die Postleitzahl,the zip code
der Pöstler,the postman
das Poulet,the chicken
das Praktikum,the internship
der Praktikant,the intern
praktisch,practical
präsentieren,present
die Präsentation,the presentation
die Praxis,the practice
die Praxis,the practice
der Preis,the price
preiswert,inexpensive
die Presse,the press
prima,great
privat,private
pro,per
probieren,try out
probieren,try out
das Problem,the problem
produzieren,produce
das Produkt,the product
die Produktion,the production
der Professor,the professor
der Profi,the professional
der Profisportler,the professional athlete
das Programm,the program
das Projekt,the project
der Prospekt,the prospectus
Prost,Cheers
protestieren,protest
der Protest,the protest
der Prozess,the process
prüfen,check
die Prüfung,the exam
das Publikum,the audience
der Pullover,the sweater
der Punkt,the point
pünktlich,on time
die Puppe,the doll
putzen,cleaning
die Qualifikation,the qualification
die Qualität,the quality
das Quartier,the quarter
quer,across
die Quittung,the receipt
das Quiz,the quiz
der Rabatt,the discount
das Rad,the wheel
das Rad,the wheel
der Radfahrer,the cyclist
das Radio,the radio
"der (Schlag-)Rahm (CH)
→ D: (Schlag-)Sahne","the (whipped) cream (CH)
→ D: (whipped) cream"
der Rand,the edge
der Rasen,the lawn
(sich) rasieren,(shave
raten,guess
der Rat,the council
Ratschlag,Advice
das Rätsel,the puzzle
das Rathaus,the town hall
rauchen,smoke
der Raucher,the smoker
der Raum,the space
rauf/rauf-,up/up-
raus/raus-,out/out-
reagieren,react
die Reaktion,the reaction
realisieren,realize
die Realität,the reality
realistisch,realistic
die Recherche,the research
rechnen,calculate
der Rechner,the computer
die Rechnung,the bill
das Recht,the right
rechtlich,legally
recht,right
rechts,right
recht-,right-
rechtzeitig,punctual
reden,talk
die Rede,the speech
reduzieren,reduce
das Referat,the report
die Reform,the reform
das Regal,the shelf
die Regel,the rule
regelmäßig,regularly
regeln,regulate
regnen,rain
der Regen,the rain
die Region,the region
regional,regional
reich,rich
reichen,are sufficient
reif,ripe
der Reifen,the tire
die Reihe,the row
die Reihenfolge,the chronological order
rein,pure
reinigen,clean
die Reinigung,the cleaning
der Reis,the rice
reisen,travel
die Reise,the trip
das Reisebüro,the travel agency
reiten,ride
die Reklame,the advertisement
der Rekord,the record
relativ,relative
die Religion,the religion
rennen,run
die Rente,the pension
"in Rente gehen/sein (D)
→ D","to retire/be (D)
→ D"
der Rentner,the pensioner
reparieren,repair
die Reparatur,the repair
die Reportage,the report
der Reporter,the reporter
reservieren,reserve
die Reservierung,the reservation
der Respekt,the respect
der Rest,the rest
das Restaurant,the restaurant
retten,save
das Rezept,the recipe
die Rezeption/Reception,the reception/reception
der Richter,the judge
richtig,correct
die Richtung,the direction
riechen,smell
riesig,gigantic
das Rind,the beef
der Ring,the ring
das Risiko,the risk
der Rock,the skirt
roh,raw
das (Back-)Rohr,the (baking) pipe
die Rolle,the role
der Roman,the novel
die Rose,the rose
der Rucksack,the backpack
die Rückfahrt,the return journey
die Rückkehr,the return
rückwärts,backward
der Rücken,the back
die Rücksicht,the consideration
das Rüebli,the carrot
rufen,call
die Rufnummer,the phone number
die Ruhe,the calm
ruhig,quiet
rund,around
die Runde,the round
die Rundfahrt,the tour
der Saal,the hall
die Sache,the thing
der Sack,the bag
der Saft,the juice
sagen,say
"die (Schlag-)Sahne (D)
→ A: (Schlag-)Obers; CH: (Schlag-)Rahm","the (whipped) cream (D)
→ A: (whipped) cream; CH: (whipped) cream"
die Saison,the season
der Salat,the salad
die Salbe,the ointment
der Salon,the salon
das Salz,the salt
salzig,salty
sammeln,collect
sämtliche,all
der Sand,the sand
der Sänger,the singer
satt,fed up
der Satz,the sentence
sauber,clean
sauer,sour
die Schachtel,the box
schade,too bad
schaden,damage
der Schaden,the damage
schädlich,harmful
schaffen,create
schalten,switch
der Schalter,the desk
scharf,sharp
der Schatten,the shadow
schätzen,treasure
schauen,look
zuschauen,watch
das Schaufenster,the shop window
der Schauspieler,the actor
die Scheibe,the disc
sich scheiden lassen,get divorced
geschieden,divorced
die Scheidung,the divorce
der Schein,the appearance
scheinen,seem
schenken,give
die Schere,the scissors
schicken,send
schieben,push
schief,wrong
schießen,shoot
das Schiff,the ship
das Schild,the shield
schimpfen,scold
der Schinken,the ham
der Schirm,the umbrella
schlafen,sleep
der Schlaf,the sleep
schlagen,hit
"der/das (Schlag-)Obers (A)
→ D: (Schlag-)Sahne; CH: (Schlag-)Rahm","the (whipped) cream (A)
→ D: (whipped) cream; CH: (whipped) cream"
die Schlange,the snake
schlank,slim
schlecht,bad
schließen,close
schließlich,finally
schlimm,terrible
das Schloss,the castle
der Schluss,the conclusion
der Schlüssel,the key
schmal,narrow
schmecken,taste good
der Schmerz,the pain
das Schmerzmittel,the painkiller
schminken,make up
der Schmuck,the jewelry
der Schmutz,the dirt
schmutzig,dirty
verschmutzen,pollute
der Schnee,the snow
schneien,snow
(sich) schneiden,to cut (oneself).
schnell,fast
das Schnitzel,the schnitzel
der Schnupfen,the cold
die Schokolade,the chocolate
schon,already
schön,nice
der Schrank,the cupboard
der Schreck(en),the fright(s)
schrecklich,terrible
schreiben,write
aufschreiben,write down
das Schreiben,the writing
schreien,scream
die Schrift,the writing
schriftlich,in written form
der Schriftsteller,the writer
der Schritt,the step
der Schuh,the shoe
die Schuld,the blame
schuld,fault
die Schulden (Pl.),the debts (pl.)
schuldig,guilty
die Schule,the school
die Schularbeit,the school work
der Schüler,the student
die Schulter,the shoulder
die Schüssel,the bowl
schütteln,shake
schützen,protect
der Schutz,the protection
schwach,weak
das Schwammerl,the mushroom
die Schwangerschaft,the pregnancy
schweigen,be silent
schwer,difficult
die Schwester,the sister
Schwieger-,in-law
schwierig,difficult
die Schwierigkeit,the difficulty
schwimmen,to swim
das Schwimmbad,the swimming pool
schwitzen,sweat
der See,the lake
die See,the sea
die Nord-/Ostsee,the North/Baltic Sea
sehen,see
die Sehenswürdigkeit,the sight
sehr,very
die Seife,the soap
sein,be
seit,since
seitdem,since
die Seite,the page
der Sekretär,the secretary
selb-,self-
selbst,himself
selber,himself
selbstständig,self-employed
selbstverständlich,of course
selten,rarely
seltsam,strange
das Semester,the semester
das Seminar,the seminar
die Semmel,the roll
senden,send
der Sender,the transmitter
die Sendung,the broadcast
die Senioren (Pl.),the seniors (pl.)
senkrecht,perpendicular
die Serie,the series
der Service,the service
der Serviceangestellte,the service employee
der Sessel,the armchair
der Sessel,the armchair
(sich) setzen,(to sit down
sicher,secure
die Sicherheit,the security
sichern,secure
sichtbar,visible
siegen,win
der Sieg,the victory
der Sieger,the winner
(sich) siezen,(to) sit
singen,sing
sinken,sink
der Sinn,the meaning
sinnlos,pointless
sinnvoll,sensible
die Situation,the situation
sitzen,sit
der Sitz,the seat
der Ski/Schi,the ski/ski
so,so
sobald,as soon as
die Socke,the sock
sodass,so that
das Sofa,the sofa
sofort,immediately
sogenannt-,so-called-
sogar,even
der Sohn,the son
solange,as long as
solch-,such-
sollen,should
das Sonderangebot,the special offer
sondern,rather
die Sonne,the sun
sonnig,sunny
sonst,otherwise
sorgen,care for
die Sorge,the worry
die Soße/Sauce,the gravy/sauce
das Souvenir,the souvenir
soviel,so much
so viel/so viel wie,as much/as much as
sowieso,anyway
sowohl … als auch,as well as
sozial,social
der Sozialarbeiter,the social worker
spannend,exciting
sparen,save
sparsam,thrifty
der Spaß,the fun
spät,late
spätestens,at latest
spazieren gehen,go for a stroll
der Spaziergang,the walk
speichern,save
Speise-/-speise,Food/dish
die Speisekarte,the menu
der Speisewagen,the dining car
Spezial-,special
der Spezialist,the specialist
speziell,special
der Spiegel,the mirror
spielen,play
das Spiel,the game
der Spieler,the player
der Spielplatz,the playground
das Spielzeug,the toy
spitz,pointed
der Sport,the sport
die Sportart,the sport
der Sportler,the athlete
sportlich,sporty
die Sprache,the language
die Fremdsprache,the foreign language
die Muttersprache,the native language
die Zweitsprache,the second language
sprechen,speak
die Sprechstunde,the consultation hour
springen,jump
die Spritze,the syringe
spülen,wash
die Spur,the trail
spüren,sense
das Stadion,the stadium
die Stadt,the city
städtisch,urban
der Stadtplan,the city map
stammen,originate
ständig,constant
der Standpunkt,the point of view
der Star,the star
stark,strong
starten,start
der Start,the start
die Station,the station
die Statistik,the statistics
statistisch,statistical
statt,instead of
stattfinden,take place
der Stau,the traffic jam
der Staub,the dust
staubsaugen,vacuum
stechen,sting
stecken,put
die Steckdose,the socket
der Stecker,the plug
stehen,stand
stehen bleiben,remain standing
stehlen,steal
steigen,climb
steil,steep
der Stein,the stone
die Stelle,the spot
stellen,place
der Stempel,the stamp
sterben,die
der Stern,the star
die Steuer,the tax
der Steward,the steward
der Stift,the pencil
der Stil,the style
stilistisch,stylistically
still,silent
der Stiefel,the boot
die Stiege,the stairs
das Stiegenhaus,the staircase
die Stimme,the voice
stimmen,voices
die Stimmung,the mood
stinken,stink
"der Stock
→ D","the stick
→ D"
das Stockwerk,the floor
der Stoff,the fabric
stolz,proud
stoppen,stop
stören,disturb
die Störung,the disorder
(sich) stoßen,to bump into (oneself).
die Strafe,the punishment
strafbar,punishable
der Strafzettel,the traffic ticket
der Strand,the beach
die Straße,the street
die Straßenbahn,the tram
die Strecke,the route
das Streichholz,the match
streiken,strike
der Streik,the strike
(sich) streiten,(argue
der Streit,the dispute
streng,strictly
der Stress,the stress
der Strom,the stream
der Strumpf,the stocking
das Stück/-stück,the piece/piece
die Studie,the study
studieren,study
der Student,the student
der Studierende,the student
das Studium,the study
das Studio,the studio
die Stufe,the stage
der Stuhl,the chair
stumm,mute
die Stunde,the hour
der Sturm,the storm
stürzen,fall
suchen,seek
die Sucht,the addiction
süchtig,addicted
das Suchtmittel,the addictive substance
die Summe,the sum
super,super
der Supermarkt,the supermarket
die Suppe,the soup
süß,sweet
das Symbol,the symbol
sympathisch,friendly
das System,the system
die Szene,the scene
die Tabelle,the table
die Tablette,the tablet
die Tafel,the whiteboard
der Tagesablauf,the daily routine
das Tal,the valley
das Talent,the talent
tanken,refuel
die Tankstelle,the gas station
die Tante,the aunt
tanzen,dance
der Tanz,the dance
die Tasche,the bag
das Taschengeld,the pocket money
das Taschentuch,the handkerchief
die Tasse,the cup
die Tastatur,the keyboard
die Taste,the button
die Tat,the act
der Täter,the perpetrator
die Tätigkeit,the activity
die Tatsache,the fact
tatsächlich,actually
taub,deaf
tauchen,dive
tauschen,to exchange
die Technik,the technology
technisch,technically
die Technologie,the technology
der Tee,the tea
Tee ziehen lassen,Let the tea steep
teilen,split
das Teil,the part
der Teil,the part
die Teilzeit,the part time
teilnehmen,participate
die Teilnahme,the participation
der Teilnehmer,the participant
telefonieren,make a phone call
das Telefon,the phone
der Teller,the dish
die Temperatur,the temperature
das Tempo,the pace
das Tennis,the tennis
der Teppich,the carpet
der Termin,the appointment
der Terminkalender,the appointment calendar
die Terrasse,the terrace
testen,test
der Test,the test
teuer,expensive
der Text,the text
das Theater,the theater
das Thema,the topic
theoretisch,theoretically
die Theorie,the theory
die Therapie,the therapy
das Ticket,the ticket
tief,deep
das Tier,the animal
das Haustier,the pet
der Tierpark,the zoo
der Tipp,the tip
tippen,tap
der Tisch,the table
der Titel,the title
die Tochter,the daughter
der Tod,the death
tödlich,fatal
die Toilette,the toilet
tolerant,tolerant
toll,great
die Tomate,the tomato
der Topf,the pot
das Tor,the gate
die Torte,the cake
tot,dead
der Tote,the dead man
total,total
der Tourismus,tourism
der Tourist,the tourist
die Tradition,the tradition
traditionell,traditional
tragen,carry
trainieren,train
der Trainer,the coach
das Training,the training
das Tram,the tram
die Träne,the tear
der Transport,the transport
träumen,dream
der Traum,the dream
Traum-,Dream-
traurig,sad
treffen,meet
der Treffpunkt,the meeting point
treiben,to drive
(sich) trennen,(separate
die Trennung,the separation
getrennt leben,live separately
die Treppe,the stairs
das Treppenhaus,the stairwell
treten,step
treu,faithful
trinken,drink
das Trinkgeld,the tip
trocken,dry
trocknen,dry
die Tropfen (Pl.),the drops (pl.)
das Trottoir,the sidewalk
trotz,despite
trotzdem,despite it
das Tuch,the cloth
tun,do
die Tür,the door
der Turm,the tower
die Tüte,the bag
der Typ,the guy
typisch,typical
die U-Bahn,the subway
üben,practice
die Übung,the exercise
über,above
überall,everywhere
überfahren,run over
überhaupt,at all
überholen,overtake
überlegen,superior
übermorgen,the day after tomorrow
übernachten,stay overnight
die Übernachtung,the overnight stay
übernehmen,take over
überprüfen,check
überqueren,cross over
überraschen,surprise
die Überraschung,the surprise
überreden,convince
die Überschrift,the headline
übersetzen,translate
der Übersetzer,the translator
die Übersetzung,the translation
die Überstunde,the overtime
übertreiben,exaggerate
überweisen,transfer
die Überweisung,the transfer
(sich) überzeugen,convince (oneself).
üblich,usual
übrig,left over
übrigens,by the way
das Ufer,the shore
die Uhr,the clock
um,around
umarmen,embrace
um … zu,in order to
(sich) umdrehen,(to) turn around
die Umfrage,the survey
die Umgebung,the environment
umgehen,evade
umgekehrt,vice versa
die Umleitung,the redirection
umso,all the more
umsonst,for free
umsteigen,transfer
umtauschen,exchange
der Umtausch,the exchange
die Umwelt,the environment
der Umweltschutz,the environmental protection
die Umweltverschmutzung,the environmental pollution
umziehen,move
der Umzug,the move
sich umziehen,get changed
un-,U.N-
unbedingt,absolutely
und,and
der Unfall,the accident
ungefähr,approximately
ungewöhnlich,unusual
unglaublich,incredible
das Unglück,the misfortune
unheimlich,scary
die Uniform,the uniform
die Universität,the university
unten,below
unter,under
unter-,under-
unterbrechen,interrupt
(sich) unterhalten,(talk
die Unterhaltung,the entertainment
die Unterkunft,the accommodation
die Unterlagen (Pl.),the documents (pl.)
unterlassen,refrain from
unternehmen,company
der Unternehmer,the entrepreneur
unterrichten,teach
der Unterricht,the lesson
untersagt,prohibited
unterscheiden,differentiate
der Unterschied,the difference
unterschiedlich,different
unterschreiben,sign
die Unterschrift,the signature
unterstreichen,underline
unterstützen,support
die Unterstützung,the support
untersuchen,investigate
die Untersuchung,the investigation
unterwegs,on the way
die Urkunde,the certificate
der Urlaub,the holidays
die Ursache,the cause
verursachen,cause
ursprünglich,originally
das Urteil,the verdict
die Vase,the vase
der Vater,the father
vegetarisch,vegetarian
das Velo,the bike
(sich) verabreden,(arrange to meet
verabredet,have an appointment
die Verabredung,the appointment
(sich) verabschieden,(say goodbye
der Abschied,the farewell
(sich) verändern,(change
die Veranstaltung,the event
verantwortlich,responsible
die Verantwortung,the responsibility
(sich) verbessern,(to) improve
verbieten,forbid
das Verbot,the ban
verboten,forbidden
verbinden,connect
die Verbindung,the connection
verbrauchen,consume
der Verbrecher,the criminal
(sich) verbrennen,burn (yourself).
verbringen,spend
der Verdacht,the suspicion
verdächtig,suspicious
verdienen,earn
der Verein,the Union
vereinbaren,agree
die Vergangenheit,the past
vergeblich,vain
vergessen,forget
vergleichen,compare
der Vergleich,the comparison
sich vergnügen,have fun
das Vergnügen,the pleasure
vergnügt,happy
vergrößern,enlarge
verhaften,arrest
sich verhalten,behave
das Verhalten,the behavior
das Verhältnis,the relationship
verheiratet,married
verhindern,impede
verkaufen,sell
der Verkäufer,the seller
der Verkehr,the traffic
das Verkehrsmittel,the means of transport
der Verlag,the publisher
verlangen,demand
verlängern,extend
verlassen,leave
sich verlaufen,get lost
(sich) verletzen,(get hurt
die Verletzung,the injury
sich verlieben,fall in love
verliebt,in love
verlieren,lose
der Verlierer,the loser
der Verlust,the loss
vermeiden,avoid
vermieten,rent
der Vermieter,the landlord
die Vermietung,the rental
vermissen,miss
die Vermittlung,the mediation
vermuten,assume
vermutlich,allegedly
vernünftig,reasonable
verpacken,pack
verpassen,miss
verpflegen,cater
verpflichtet,obligated
verraten,betrayed
verreisen,travel
verrückt,crazy
die Versammlung,the assembly
versäumen,miss
verschieben,move
verschieden,different
verschreiben,prescribe
verschwinden,disappear
versichern,assure
die Versichertenkarte,the insurance card
die Versicherung,the insurance
die Verspätung,the delay
versprechen,promise
verständlich,understandable
das Verständnis,the understanding
(sich) verstecken,(to hide oneself
(sich) verstehen,(understand each other
versuchen,attempt
der Versuch,the attempt
verteilen,distribute
der Vertrag,the contract
vertrauen,trust
das Vertrauen,the trust
vertreten,represent
der Vertreter,the representative
die Vertretung,the representation
verurteilen,condemn
die Verwaltung,the administration
verwandt,related
der Verwandte,the relative
verwechseln,confuse with
verwenden,use
verzeihen,pardon
Verzeihung,forgiveness
verzichten,waive
das Video,the video
viel/viele,much/many
vielleicht,perhaps
das Viertel,the quarter
virtuell,virtual
der Virus,the virus
die Visitenkarte,the business card
das Visum,the visa
das Vitamin,the vitamin
voll,full
die Vollzeit,the full time
Volleyball,volleyball
völlig,fully
von,from
voneinander,from each other
vor,before
vor allem,above all
voraus,in advance
die Voraussetzung,the prerequisite
voraussichtlich,expected
vorbei/vorbei-,over/past-
(sich) vorbereiten,(get ready
die Vorbereitung,the preparation
vorder-,before the-
die Vorfahrt,the right of way
vorgestern,the day before yesterday
vorhaben,plan
vorher,previously
vorhin,earlier
vorkommen,happen
vorläufig,provisionally
vorlesen,read aloud
vorn,front
der Vorort,the suburb
vorschlagen,suggest
der Vorschlag,the suggestion
die Vorschrift,the regulation
die Vorsicht,the caution
vorsichtig,cautious
(sich) vorstellen,(to) imagine
die Vorstellung,the idea
das Vorstellungsgespräch,the interview
der Vorteil,the advantage
der Vortrag,the lecture
die Vorwahl,the area code
vorwärts,forward
der Vorwurf,the accusation
waagerecht,horizontally
wach,awake
wachsen,grow
der Wagen,the car
wählen,choose
die Wahl,the choice
wahnsinnig,insane
wahr,true
die Wahrheit,the truth
während,while
wahrscheinlich,probably
der Wald,the forest
die Wand,the wall
wandern,hike
die Wanderung,the hike
wann,When
die Ware,the goods
warm,warm
die Wärme,the warmth
warnen,warn
warten,wait
warum,Why
was,What
was für ein-,what a-
(sich) waschen,(to wash one self
die Wäsche,the laundry
das Waschmittel,the detergent
das Wasser,the water
wechseln,change
wecken,wake up
der Wecker,the alarm clock
weder … noch,neither nor
der Weg,the way
weg/weg-,away/away-
wegen,because of
wehtun,hurt
weiblich,female
weich,soft
sich weigern,refuse
weil,because
der Wein,the wine
weinen,cry
-weise,-way
weit,far
weiter/weiter-,further/further-
die Weiterbildung,the further training
welcher,which
die Welt,the world
weltweit,worldwide
wenden,turn around
wenig/wenige,little/few
wenigstens,at least
wenn,if
wer,who
die Werbung,the advertising
werden,become
werfen,throw
das Werk,the work
die Werkstatt,the workshop
das Werkzeug,the tool
wert,value
der Wert,the value
wertlos,worthless
wertvoll,valuable
weshalb,for what reason
der Wettbewerb,the competition
wetten,bet
das Wetter,the weather
der Wetterbericht,the weather report
die Wettervorhersage,the weather forecast
wichtig,important
widersprechen,contradict
wie,How
wieder/wieder-,again/again-
die Wiederholung,the repetition
wiegen,weigh
wild,wild
die Wiese,the meadow
wieso,how come
wie viel(e),how many)
willkommen,welcome
der Wind,the wind
windig,windy
winken,wave
wirken,works
die Wirkung,the effect
wirklich,really
die Wirklichkeit,the reality
der Wirt,the host
die Wirtschaft,the economy
wissen,knowledge
das Wissen,the knowledge
die Wissenschaft,the science
der Wissenschaftler,the scientist
der Witz,the joke
wo,where
woher,from where
wohin,where
wohl,probably
wohnen,reside
der Wohnort,the place of residence
der Wohnsitz,the residence
die Wohnung,the apartment
das Wohnzimmer,the living room
die Wolke,the cloud
bewölkt,cloudy
die Wolle,the wool
wollen,want
worüber,about what
worum,what about
das Wort,the word
das Wort,the word
das Wörterbuch,the dictionary
die Wunde,the wound
das Wunder,the miracle
wunderbar,wonderful
wunderschön,beautiful
sich wundern,to wonder
(sich) wünschen,(make a Wish
der Wunsch,the desire
die Wurst,the sausage
wütend,angry
die Zahl,the number
die Anzahl,the number
zahlreich,numerous
zahlen,pay
die Zahlung,the payment
zählen,to count
der Zahn,the tooth
die Zahncreme/-pasta,the toothpaste/paste
die Zange,the pliers
das Zeichen,the sign
das Verkehrszeichen,the traffic sign
zeichnen,draw
die Zeichnung,the drawing
zeigen,show
die Zeile,the line
die Zeit,the time
der Zeitpunkt,the timing
zurzeit,currently
die Zeitschrift,the magazine
die Zeitung,the newspaper
das Zelt,the tent
zelten,camping
zentral,central
das Zentrum,the center
zerstören,destroy
das Zertifikat,the certificate
der Zettel,the note
das Zeug/-zeug,the stuff/stuff
der Zeuge,the witness
das Zeugnis,the testimony
ziehen,pull
das Ziel,the goal
ziemlich,quite
die Zigarette,the cigarette
das Zimmer,the room
die Zinsen (nur Pl.),the interest (pl. only)
der Zirkus,the circus
die Zitrone,the lemon
"der Zivilstand (CH)
→ Personenstand; D","marital status (CH)
→ Civil status; D"
der Zoll,the customs
die Zone,the zone
der Zoo,the zoo
zu,to
zubereiten,prepare
der Zucker,the sugar
zuerst,first
der Zufall,the coincidence
zufällig,randomly
zufrieden,satisfied
der Zugang,the access
zugänglich,accessible
der Zug,the train
zugehen,approach
das Zuhause,the home
zuhören,listen
der Zuhörer,the listener
die Zukunft,the future
zukünftig,future
zuletzt,last
zumachen,close
zumindest,at least
zunächst,first
"die Zünder (A) (Pl.)
→ Streichholz; Zündholz","the detonators (A) (pl.)
→ match; match"
das Zündholz,the match
zunehmen,gain weight
zurechtkommen,cope
zurück/zurück-,back/back-
zurzeit,currently
zusagen,promise
zusammen/zusammen-,together/together-
die Zusammenarbeit,the collaboration
zusammenfassen,summarize
der Zusammenhang,the connection
zusätzlich,additionally
zuschauen,watch
der Zuschauer,the spectator
der Zuschlag,the surcharge
zu sein,to be
der Zustand,the condition
zuständig,responsible
zustimmen,agree
die Zustimmung,the consent
die Zutaten (Pl.),the ingredients (pl.)
zuverlässig,reliable
das/der Zvieri/Znüni,the snack/lunch
zwar,that is
der Zweck,the purpose
zweifeln,doubt
der Zweifel,the doubt
die Zwiebel,the onion
(sich) zwingen,force (oneself).
zwischen,between
